id;Movie;Level
0;10_Cloverfield_lane(2016);B1
1;10_things_I_hate_about_you(1999);B1
2;A_knights_tale(2001);B2
3;A_star_is_born(2018);B2
4;Aladdin(1992);A2/A2+
5;All_dogs_go_to_heaven(1989);A2/A2+
6;An_American_tail(1986);A2/A2+
7;Babe(1995);A2/A2+
8;Back_to_the_future(1985);A2/A2+
9;Banking_On_Bitcoin(2016);C1
10;Batman_begins(2005);A2/A2+
11;Beauty_and_the_beast(2017);B2
12;Before_I_go_to_sleep(2014);B2
13;Before_sunrise(1995);B1, B2
14;Before_sunset(2004);B1, B2
15;Braveheart(1995);B2
16;Bridget_Jones_diary(2001);B1, B2
17;Bridget_Joness_Baby;C1
18;Cars(2006);B1
19;Cast_away(2000);A2/A2+
20;Catch_me_if_you_can(2002);B1, B2
21;Charlie_and_the_Chocolate_Factory;B1
22;Cinderella(1950);B1
23;Clueless(1995);B1
24;Deadpool(2016);B2
25;Despicable_Me(2010);B2
26;Die_hard(1988);B1
27;Dredd(2012);A2/A2+
28;Dune(2021);B2
29;Enola_Holmes(2020);B2
30;Entrapment;B2
31;Eurovision_song_contest_(2020);A2/A2+
32;Ferdinand(2017);B1
33;Fight_club(1999);B2
34;Finding_Nemo(2003);A2/A2+
35;Forrest_Gump(1994);A2/A2+, B1
36;Good_Will_Hunting(1997);B2
37;Groundhog_day(1993);B1
38;Powder(1995);B1
39;Her(2013);A2/A2+, B1
40;Home_alone(1990);B1
41;Hook(1991);A2/A2+
42;House_of_Gucci(2021);B2
43;Inside_out(2015);B1
44;Inside_out(2015);B1
45;Its_a_wonderful_life(1946);A2/A2+
46;Klaus(2019);C1
47;Knives_out(2019);B2
48;Kubo_and_the_two_strings(2016);A2/A2+
49;Liar_liar(1997);B1
50;Lion(2016);B1, B2
51;Logan(2017);B1
52;Love_actually(2003);B1
53;Made_of_Honor(2008);B2
54;Mamma_Mia(2008);B1
55;Mary_Poppins_returns(2018);B1
56;Matilda(1996);B1
57;Meet_the_parents(2000);B1
58;Milada(2017);B1
59;Mona_Lisa_Smile(2003);B2
60;Moulin_Rouge(2001);A2/A2+, B1
61;Mrs_Doubtfire(1993);B1
62;My_big_fat_Greek_wedding(2002);A2/A2+
63;Notting_Hill(1999);B1
64;Oceans_Eleven(2001);C1
65;Oceans_Twelve(2004);C1
66;Pirates_of_the_Caribbean(2003);B1
67;Pleasantville(1998);B1
68;Powder(1995);B1
69;Pulp_fiction(1994);B2
70;Ratatouille(2007);B2
71;Ready_or_not(2019);A2/A2+
72;Shrek(2001);B1
73;Sleepless_in_Seattle(1993);A2/A2+
74;Soul(2020);B1
75;The_blind_side(2009);B2
76;The_Devil_Wears_Prad;B2
77;The_Fundamentals_of_Caring(2016);B1
78;The_greatest_showman(2017);A2/A2+
79;The_Intern(2015);B2
80;The_Legend_of_Tarzan(2016);C1
81;The Secret Life of Pets.en;B2
82;The_Shawshank_redemption(1994);B1, B2
83;The_terminal(2004);B1
84;The_blind_side(2009);B1
85;The_break-up(2006);A2/A2+
86;The_cabin_in_the_woods(2012);A2/A2+
87;The_fault_in_our_stars(2014);A2/A2+, B1
88;The_graduate(1967);B1, B2
89;The_hangover(2009);B2
90;The_holiday(2006);B1
91;The_invisible_man(2020);A2/A2+
92;The_jungle_book(2016);A2/A2+
93;The_kings_speech(2010);B2
94;The_lion_king(1994);A2/A2+
95;The_lord_of_the_rings(2001);B1, B2
96;The_man_called_Flintstone(1966);A2/A2+
97;The_secret_life_of_Walter_Mitty(2013);B1
98;The_social_network(2010);B2
99;The_terminal(2004);A2/A2+, B1
100;The_terminator(1984);B1
101;The_theory_of_everything(2014);B2
102;The_usual_suspects(1995);B2
103;Titanic(1997);B2
104;Toy_story(1995);A2/A2+
105;Twilight(2008);A2/A2+
106;Up (2009);A2/A2+
107;Venom(2018);B2
108;Warm_bodies(2013);B1
109;We_are_the_Millers(2013);B1
110;While_You_Were_Sleeping(1995);B1
111;Zootopia(2016);B2
112;The Walking Dead-S01E01-Days Gone Bye.English;A2
113;The Walking Dead-S01E02-Guts.English;A2
114;The Walking Dead-S01E03-Tell It To The Frogs.English;A2
115;The Walking Dead-S01E04-Vatos.English;A2
116;The Walking Dead-S01E05-Wildfire.English;A2
117;The Walking Dead-S01E06-TS-19.English;A2
118;AmericanBeauty1999.BRRip;B1
119;Angelas.Christmas.Wish.2020;B1
120;Indiana Jones And The Last Crusade DVDRip Xvid -IZON-;B1
121;mechanic-resurrection_;B1
122;Men.In.Black.1997.720p.Bluray.x264-SEPTiC;B1
123;Rat.Race.2001.1080p.WEB-DL.DD5.1.H264-FGT;B1
124;Seven.Worlds.One.Planet.S01E01.2160p.BluRay.Remux.eng;B1
125;Seven.Worlds.One.Planet.S01E02.2160p.BluRay.Remux.eng;B1
126;Seven.Worlds.One.Planet.S01E03.2160p.BluRay.Remux.eng;B1
127;Seven.Worlds.One.Planet.S01E04.2160p.BluRay.Remux.eng;B1
128;Seven.Worlds.One.Planet.S01E05.2160p.BluRay.Remux.eng;B1
129;Seven.Worlds.One.Planet.S01E06.2160p.BluRay.Remux.eng;B1
130;Seven.Worlds.One.Planet.S01E07.2160p.BluRay.Remux.eng;B1
131;Spirit.Stallion.of.the.Cimarron.EN;B1
132;Terminator_2_Judgment_Day_1991_roNy;B1
133;Valentine's.Day.2010.Subtitles.YIFY;B1
134;Angela's.Christmas.2018.WEBRip.Netflix;B2
135;Collateral.Beauty.2016.720p.BRRip.x264.AAC-ETRG;B2
136;Crazy4TV.com - Suits.S06E01.720p.BluRay.x265.HEVC.Crazy4ad;B2
137;Crazy4TV.com - Suits.S06E02.720p.BluRay.x265.HEVC.Crazy4ad;B2
138;Crazy4TV.com - Suits.S06E03.720p.BluRay.x265.HEVC.Crazy4ad;B2
139;Crazy4TV.com - Suits.S06E04.720p.BluRay.x265.HEVC.Crazy4ad;B2
140;Crazy4TV.com - Suits.S06E05.720p.BluRay.x265.HEVC.Crazy4ad;B2
141;Crazy4TV.com - Suits.S06E06.720p.BluRay.x265.HEVC.Crazy4ad;B2
142;Crazy4TV.com - Suits.S06E07.720p.BluRay.x265.HEVC.Crazy4ad;B2
143;Crazy4TV.com - Suits.S06E08.720p.BluRay.x265.HEVC.Crazy4ad;B2
144;Crazy4TV.com - Suits.S06E09.720p.BluRay.x265.HEVC.Crazy4ad;B2
145;Crazy4TV.com - Suits.S06E10.720p.BluRay.x265.HEVC.Crazy4ad;B2
146;Crazy4TV.com - Suits.S06E11.720p.BluRay.x265.HEVC.Crazy4ad;B2
147;Crazy4TV.com - Suits.S06E12.720p.BluRay.x265.HEVC.Crazy4ad;B2
148;Crazy4TV.com - Suits.S06E13.720p.BluRay.x265.HEVC.Crazy4ad;B2
149;Crazy4TV.com - Suits.S06E14.720p.BluRay.x265.HEVC.Crazy4ad;B2
150;Crazy4TV.com - Suits.S06E15.720p.BluRay.x265.HEVC.Crazy4ad;B2
151;Crazy4TV.com - Suits.S06E16.720p.BluRay.x265.HEVC.Crazy4ad;B2
152;Ghosts.of.Girlfriends.Past.2009.BluRay.720p.x264.YIFY;B2
153;Roman Holiday 1953 1080p WEBRip HEVC AAC;B2
154;Secrets Of Her Majesty's Secret Service eng;B2
155;SOMM.Into.the.Bottle.2015.1080p.BluRay.x265-RARBG.en.srt;B2
156;Suits.Episode 1- Denial;B2
157;Suits.Episode 10- Faith;B2
158;Suits.Episode 11- Blowback;B2
159;Suits.Episode 12- Live to Fight;B2
160;Suits.Episode 13- God's Green Earth;B2
161;Suits.Episode 14- Self Defense;B2
162;Suits.Episode 15- Tick Tock;B2
163;Suits.Episode 16- 25th Hour;B2
164;Suits.Episode 2- Compensation;B2
165;Suits.Episode 3- No Refills;B2
166;Suits.Episode 4- No Puedo Hacerlo;B2
167;Suits.Episode 5- Toe to Toe;B2
168;Suits.Episode 6- Privilege;B2
169;Suits.Episode 7- Hitting Home;B2
170;Suits.Episode 8- Mea Culpa;B2
171;Suits.Episode 9- Uninvited Guests;B2
172;Suits.S01E01.1080p.BluRay.AAC5.1.x265-DTG.02.EN;B2
173;Suits.S01E02.1080p.BluRay.AAC5.1.x265-DTG.02.EN;B2
174;Suits.S01E03.1080p.BluRay.AAC5.1.x265-DTG.02.EN;B2
175;Suits.S01E04.1080p.BluRay.AAC5.1.x265-DTG.02.EN;B2
176;Suits.S01E05.1080p.BluRay.AAC5.1.x265-DTG.02.EN;B2
177;Suits.S01E06.1080p.BluRay.AAC5.1.x265-DTG.02.EN;B2
178;Suits.S01E07.1080p.BluRay.AAC5.1.x265-DTG.02.EN;B2
179;Suits.S01E08.1080p.BluRay.AAC5.1.x265-DTG.02.EN;B2
180;Suits.S01E09.1080p.BluRay.AAC5.1.x265-DTG.02.EN;B2
181;Suits.S01E10.1080p.BluRay.AAC5.1.x265-DTG.02.EN;B2
182;Suits.S01E11.1080p.BluRay.AAC5.1.x265-DTG.02.EN;B2
183;Suits.S01E12.1080p.BluRay.AAC5.1.x265-DTG.02.EN;B2
184;Suits.S02E01.HDTV.x264-AVS;B2
185;Suits.S02E02.HDTV.x264-ASAP;B2
186;Suits.S02E03.HDTV.x264-ASAP;B2
187;Suits.S02E04.HDTV.x264-ASAP;B2
188;Suits.S02E05.iNTERNAL.HDTV.x264-2HD;B2
189;Suits.S02E06.All.In.HDTV.x264-FQM;B2
190;Suits.S02E07.Sucker.Punch.PROPER.HDTV.x264-FQM;B2
191;Suits.S02E08.HDTV.x264-EVOLVE;B2
192;Suits.S02E09.HDTV.x264-ASAP;B2
193;Suits.S02E10.HDTV.x264-ASAP;B2
194;Suits.S02E11.HDTV.x264-ASAP;B2
195;Suits.S02E12.HDTV.x264-ASAP;B2
196;Suits.S02E13.REPACK.HDTV.x264-2HD;B2
197;Suits.S02E14.HDTV.x264-ASAP;B2
198;Suits.S02E15.HDTV.x264-ASAP;B2
199;Suits.S02E16.HDTV.x264-2HD;B2
200;The.Notebook.DVDRip.XviD-DiAMOND;B2
201;z srt23 uk-bun Gullivers.Travels.1939.720p.BluRay.x264-CiNEFiLE;B2
202;Downton Abbey - S01E01 - Episode 1.eng.SDH;C1
203;Downton Abbey - S01E02 - Episode 2.eng.SDH;C1
204;Downton Abbey - S01E03 - Episode 3.eng.SDH;C1
205;Downton Abbey - S01E04 - Episode 4.eng.SDH;C1
206;Downton Abbey - S01E05 - Episode 5.eng.SDH;C1
207;Downton Abbey - S01E06 - Episode 6.eng.SDH;C1
208;Downton Abbey - S01E07 - Episode 7.eng.SDH;C1
209;Suits S04E01 EngSub;C1
210;Suits S04E02 EngSub;C1
211;Suits S04E03 EngSub;C1
212;Suits S04E04 EngSub;C1
213;Suits S04E05 EngSub;C1
214;Suits S04E06 EngSub;C1
215;Suits S04E07 EngSub;C1
216;Suits S04E08 EngSub;C1
217;Suits S04E09 EngSub;C1
218;Suits S04E10 EngSub;C1
219;Suits S04E11 EngSub;C1
220;Suits S04E12 EngSub;C1
221;Suits S04E13 EngSub;C1
222;Suits S04E14 EngSub;C1
223;Suits S04E15 EngSub;C1
224;Suits S04E16 EngSub;C1
225;Suits.S03E01.480pHDTV.x264-mSD;C1
226;Suits.S03E02.720pHDTV.x264-mSD;C1
227;Suits.S03E03.480pHDTV.x264-mSD;C1
228;Suits.S03E04.480pHDTV.x264-mSD;C1
229;Suits.S03E05.480p.HDTV.x264-mSD;C1
230;Suits.S03E06.720p.HDTV.x264-mSD;C1
231;Suits.S03E07.HDTV.x264-mSD;C1
232;Suits.S03E08.480p.HDTV.x264-mSD;C1
233;Suits.S03E09.480p.HDTV.x264-mSD;C1
234;Suits.S03E10.HDTV.x264-mSD;C1
235;Glass Onion;B2
236;Matilda(2022);C1
237;Bullet train;B1
238;Thor: love and thunder;B2
239;Lightyear;B2
240;The Grinch;B1